
delete from classe_studente;
delete from classe;

ALTER TABLE `persona` CHANGE `datanascita` `datanascita` DATE NULL;
ALTER TABLE `classe_studente` ADD PRIMARY KEY( `idclasse`, `idpersona`);


ALTER TABLE classe CHANGE anno anno VARCHAR(9) NOT NULL;

INSERT INTO `classe` (`id`, `id_docente`, `sezione`, `anno`) VALUES
(1, NULL, '4AEE', '2021/2022'),
(2, NULL, '4AII', '2021/2022'),
(3, NULL, '4BEA', '2021/2022'),
(4, NULL, '4BEE', '2021/2022'),
(5, NULL, '4BII', '2021/2022'),
(6, NULL, '4CEA', '2021/2022'),
(7, NULL, '4CII', '2021/2022'),
(8, NULL, '4DAR', '2021/2022'),
(9, NULL, '4DEA', '2021/2022');

ALTER TABLE persona ADD provincia VARCHAR(2) NULL AFTER residenza;

insert into persona(id, nome, cognome, indirizzo, residenza, provincia, cap, email, login, password ) values ('100', 'DAVIDE','ANTONIOLI','Via Cal di Breda 58/G','BREDA DI PIAVE','TV','31020','antonioli.st.davide@maxplanck.edu.it','antonioli.st.davide@maxplanck.edu.it', '5f4dcc3b5aa765d61d8327deb882cf99');
insert into persona(id, nome, cognome, indirizzo, residenza, provincia, cap, email, login, password ) values ('101', 'FILIPPO','BACCICHETTO','VIA FRANCESCO BARACCA, 12A','SAN BIAGIO DI CALLALTA','TV','31042','baccichetto.st.filippo@maxplanck.edu.it','baccichetto.st.filippo@maxplanck.edu.it', '5f4dcc3b5aa765d61d8327deb882cf99');
insert into persona(id, nome, cognome, indirizzo, residenza, provincia, cap, email, login, password ) values ('102', 'ALESSANDRO','BALDASSO','Via Chianni n. 31','CASIER','TV','31030','baldasso.st.alessandro@maxplanck.edu.it','baldasso.st.alessandro@maxplanck.edu.it', '5f4dcc3b5aa765d61d8327deb882cf99');
insert into persona(id, nome, cognome, indirizzo, residenza, provincia, cap, email, login, password ) values ('103', 'RICCARDO','BALDIN','VIA SCHIAVON 5','ZERO BRANCO','TV','31059','baldin.st.riccardo@maxplanck.edu.it','baldin.st.riccardo@maxplanck.edu.it', '5f4dcc3b5aa765d61d8327deb882cf99');
insert into persona(id, nome, cognome, indirizzo, residenza, provincia, cap, email, login, password ) values ('104', 'ALESSANDRO','BANDIERA','VIA BOTTENIGA 36','TREVISO','TV','31100','bandiera.st.alessandro@maxplanck.edu.it','bandiera.st.alessandro@maxplanck.edu.it', '5f4dcc3b5aa765d61d8327deb882cf99');
insert into persona(id, nome, cognome, indirizzo, residenza, provincia, cap, email, login, password ) values ('105', 'IVAN CLEDJ','BANDIERA','VIA 25 APRILE, 17','GORGO AL MONTICANO','TV','31040','bandiera.st.ivancledj@maxplanck.edu.it','bandiera.st.ivancledj@maxplanck.edu.it', '5f4dcc3b5aa765d61d8327deb882cf99');
insert into persona(id, nome, cognome, indirizzo, residenza, provincia, cap, email, login, password ) values ('106', 'ALBERTO','BARBON','Via Madonna delle Vittorie, 20','MASERADA SUL PIAVE','TV','31052','barbon.st.alberto@maxplanck.edu.it','barbon.st.alberto@maxplanck.edu.it', '5f4dcc3b5aa765d61d8327deb882cf99');
insert into persona(id, nome, cognome, indirizzo, residenza, provincia, cap, email, login, password ) values ('107', 'FRANCESCO','BASEGGIO','VIA IPPOLITO NIEVO N. 1/A','CASIER','TV','31030','baseggio.st.francesco@maxplanck.edu.it','baseggio.st.francesco@maxplanck.edu.it', '5f4dcc3b5aa765d61d8327deb882cf99');
insert into persona(id, nome, cognome, indirizzo, residenza, provincia, cap, email, login, password ) values ('108', 'SOUFIANE','BASSITI','VIA CENTA, 63','VILLORBA','TV','31020','bassiti.st.soufiane@maxplanck.edu.it','bassiti.st.soufiane@maxplanck.edu.it', '5f4dcc3b5aa765d61d8327deb882cf99');
insert into persona(id, nome, cognome, indirizzo, residenza, provincia, cap, email, login, password ) values ('109', 'ENRIC','BATKU','VIA CAPITELLO n. 11','QUINTO DI TREVISO','TV','31055','batku.st.enric@maxplanck.edu.it','batku.st.enric@maxplanck.edu.it', '5f4dcc3b5aa765d61d8327deb882cf99');
insert into persona(id, nome, cognome, indirizzo, residenza, provincia, cap, email, login, password ) values ('110', 'MIRCO','BELLIO','Via Treforni, 35/A','PAESE','TV','31038','bellio.st.mirco@maxplanck.edu.it','bellio.st.mirco@maxplanck.edu.it', '5f4dcc3b5aa765d61d8327deb882cf99');
insert into persona(id, nome, cognome, indirizzo, residenza, provincia, cap, email, login, password ) values ('111', 'DAVIDE','BENINCA','VIA MONTEGRAPPA 43','MASERADA SUL PIAVE','TV','31052','beninca.st.davide@maxplanck.edu.it','beninca.st.davide@maxplanck.edu.it', '5f4dcc3b5aa765d61d8327deb882cf99');
insert into persona(id, nome, cognome, indirizzo, residenza, provincia, cap, email, login, password ) values ('112', 'EDOARDO','BENVENUTO','33, Viale Trento Trieste ','CASALE SUL SILE','TV','','benvenuto.st.edoardo@maxplanck.edu.it','benvenuto.st.edoardo@maxplanck.edu.it', '5f4dcc3b5aa765d61d8327deb882cf99');
insert into persona(id, nome, cognome, indirizzo, residenza, provincia, cap, email, login, password ) values ('113', 'RICCARDO','BERGAMO','VIA PIOVENSAN 43','CARBONERA','TV','31030','bergamo.st.riccardo@maxplanck.edu.it','bergamo.st.riccardo@maxplanck.edu.it', '5f4dcc3b5aa765d61d8327deb882cf99');
insert into persona(id, nome, cognome, indirizzo, residenza, provincia, cap, email, login, password ) values ('114', 'NICOLO','BERTAZZO','Vicolo Feltrina C, 7','TREVISO','TV','31100','bertazzo.st.nicolo@maxplanck.edu.it','bertazzo.st.nicolo@maxplanck.edu.it', '5f4dcc3b5aa765d61d8327deb882cf99');
insert into persona(id, nome, cognome, indirizzo, residenza, provincia, cap, email, login, password ) values ('115', 'NICOLE','BERTO','15, Via Grave Ponte','PONTE DI PIAVE','TV','','berto.st.nicole@maxplanck.edu.it','berto.st.nicole@maxplanck.edu.it', '5f4dcc3b5aa765d61d8327deb882cf99');
insert into persona(id, nome, cognome, indirizzo, residenza, provincia, cap, email, login, password ) values ('116', 'RICCARDO','BERTOLDO','via turati 14','PREGANZIOL','TV','31022','bertoldo.st.riccardo@maxplanck.edu.it','bertoldo.st.riccardo@maxplanck.edu.it', '5f4dcc3b5aa765d61d8327deb882cf99');
insert into persona(id, nome, cognome, indirizzo, residenza, provincia, cap, email, login, password ) values ('117', 'SIMONE','BERTOLIN','via Boschetta  n 51','PREGANZIOL','TV','31022','bertolin.st.simone@maxplanck.edu.it','bertolin.st.simone@maxplanck.edu.it', '5f4dcc3b5aa765d61d8327deb882cf99');
insert into persona(id, nome, cognome, indirizzo, residenza, provincia, cap, email, login, password ) values ('118', 'GABRIELE','BETTIOL','Via delle ABSIDI, 13','TREVISO','TV','31100','bettiol.st.gabriele@maxplanck.edu.it','bettiol.st.gabriele@maxplanck.edu.it', '5f4dcc3b5aa765d61d8327deb882cf99');
insert into persona(id, nome, cognome, indirizzo, residenza, provincia, cap, email, login, password ) values ('119', 'LUCA','BETTIOL','via roma 40/a','ARCADE','TV','31030','bettiol.st.luca@maxplanck.edu.it','bettiol.st.luca@maxplanck.edu.it', '5f4dcc3b5aa765d61d8327deb882cf99');
insert into persona(id, nome, cognome, indirizzo, residenza, provincia, cap, email, login, password ) values ('120', 'SAMUELE','BETTIOL','VIA MESTRINA 39','QUINTO DI TREVISO','TV','31055','bettiol.st.samuele@maxplanck.edu.it','bettiol.st.samuele@maxplanck.edu.it', '5f4dcc3b5aa765d61d8327deb882cf99');
insert into persona(id, nome, cognome, indirizzo, residenza, provincia, cap, email, login, password ) values ('121', 'DAVIDE','BIASUZZI','Via Frasnelli n.6','NERVESA DELLA BATTAGLIA','TV','31040','biasuzzi.st.davide@maxplanck.edu.it','biasuzzi.st.davide@maxplanck.edu.it', '5f4dcc3b5aa765d61d8327deb882cf99');
insert into persona(id, nome, cognome, indirizzo, residenza, provincia, cap, email, login, password ) values ('122', 'MATTEO','BISCARO','Via volpago Sud 30','PONZANO','TV','31050','biscaro.st.matteo@maxplanck.edu.it','biscaro.st.matteo@maxplanck.edu.it', '5f4dcc3b5aa765d61d8327deb882cf99');
insert into persona(id, nome, cognome, indirizzo, residenza, provincia, cap, email, login, password ) values ('123', 'ANDREA','BOLIGON','VIA PEGORILE 6/A','VILLORBA','TV','31020','boligon.st.andrea@maxplanck.edu.it','boligon.st.andrea@maxplanck.edu.it', '5f4dcc3b5aa765d61d8327deb882cf99');
insert into persona(id, nome, cognome, indirizzo, residenza, provincia, cap, email, login, password ) values ('124', 'LUIGI','BORANGA','VIA MADONNA DELLE GRAZIE 6','GIAVERA DEL MONTELLO','TV','31040','boranga.st.luigi@maxplanck.edu.it','boranga.st.luigi@maxplanck.edu.it', '5f4dcc3b5aa765d61d8327deb882cf99');
insert into persona(id, nome, cognome, indirizzo, residenza, provincia, cap, email, login, password ) values ('125', 'FEDERICO','BORSATO','Carrer, 3/8','ARCADE','TV','31030','borsato.st.federico@maxplanck.edu.it','borsato.st.federico@maxplanck.edu.it', '5f4dcc3b5aa765d61d8327deb882cf99');
insert into persona(id, nome, cognome, indirizzo, residenza, provincia, cap, email, login, password ) values ('126', 'ALBERTO','BORTOLI','VIA BEATA G. STERNI 3/2','VAZZOLA','TV','31028','bortoli.st.alberto@maxplanck.edu.it','bortoli.st.alberto@maxplanck.edu.it', '5f4dcc3b5aa765d61d8327deb882cf99');
insert into persona(id, nome, cognome, indirizzo, residenza, provincia, cap, email, login, password ) values ('127', 'NICOLAS','BOTTOLI','PIAZZA PAPA RONCALLI 2','MASERADA SUL PIAVE','TV','31052','bottoli.st.nicolas@maxplanck.edu.it','bottoli.st.nicolas@maxplanck.edu.it', '5f4dcc3b5aa765d61d8327deb882cf99');
insert into persona(id, nome, cognome, indirizzo, residenza, provincia, cap, email, login, password ) values ('128', 'MIRCO','BRANCHER','Via Ungheresca Sud n. 28','MARENO DI PIAVE','TV','31010','brancher.st.mirco@maxplanck.edu.it','brancher.st.mirco@maxplanck.edu.it', '5f4dcc3b5aa765d61d8327deb882cf99');
insert into persona(id, nome, cognome, indirizzo, residenza, provincia, cap, email, login, password ) values ('129', 'GIANLUCA','BRIDDA','via Torni 13','MOGLIANO VENETO','TV','31021','bridda.st.gianluca@maxplanck.edu.it','bridda.st.gianluca@maxplanck.edu.it', '5f4dcc3b5aa765d61d8327deb882cf99');
insert into persona(id, nome, cognome, indirizzo, residenza, provincia, cap, email, login, password ) values ('130', 'DAVIDE','BRUGNOTTO','VIA PAPA RONCALLI  32','CARBONERA','TV','31030','brugnotto.st.davide1@maxplanck.edu.it','brugnotto.st.davide1@maxplanck.edu.it', '5f4dcc3b5aa765d61d8327deb882cf99');
insert into persona(id, nome, cognome, indirizzo, residenza, provincia, cap, email, login, password ) values ('131', 'ALFONSO','BUONOCORE','via papa luciani','SUSEGANA','TV','31058','buonocore.st.alfonso@maxplanck.edu.it','buonocore.st.alfonso@maxplanck.edu.it', '5f4dcc3b5aa765d61d8327deb882cf99');
insert into persona(id, nome, cognome, indirizzo, residenza, provincia, cap, email, login, password ) values ('132', 'MICHELE IVO','CACCIATORE','VICOLO MURER, 21','QUINTO DI TREVISO','TV','31055','cacciatore.st.micheleivo@maxplanck.edu.it','cacciatore.st.micheleivo@maxplanck.edu.it', '5f4dcc3b5aa765d61d8327deb882cf99');
insert into persona(id, nome, cognome, indirizzo, residenza, provincia, cap, email, login, password ) values ('133', 'ALBERTO','CANCIAN','VIA CADORE, 1','MASERADA SUL PIAVE','TV','31052','cancian.st.alberto@maxplanck.edu.it','cancian.st.alberto@maxplanck.edu.it', '5f4dcc3b5aa765d61d8327deb882cf99');
insert into persona(id, nome, cognome, indirizzo, residenza, provincia, cap, email, login, password ) values ('134', 'ANDREI','CANTEA','Via Tezze 6/A','CIMADOLMO','TV','31010','cantea.st.andrei@maxplanck.edu.it','cantea.st.andrei@maxplanck.edu.it', '5f4dcc3b5aa765d61d8327deb882cf99');
insert into persona(id, nome, cognome, indirizzo, residenza, provincia, cap, email, login, password ) values ('135', 'ALESSANDRO','CAPUTO','VICOLO PASUBIO 9','SAN VENDEMIANO','TV','31020','caputo.st.alessandro@maxplanck.edu.it','caputo.st.alessandro@maxplanck.edu.it', '5f4dcc3b5aa765d61d8327deb882cf99');
insert into persona(id, nome, cognome, indirizzo, residenza, provincia, cap, email, login, password ) values ('136', 'LUCA','CARNIEL','VIA DON BOVO, 7','PONZANO','TV','31050','carniel.st.luca@maxplanck.edu.it','carniel.st.luca@maxplanck.edu.it', '5f4dcc3b5aa765d61d8327deb882cf99');
insert into persona(id, nome, cognome, indirizzo, residenza, provincia, cap, email, login, password ) values ('137', 'MICHAEL','CASAGRANDE','VIA Baden Powell, 79','CASALE SUL SILE','TV','31032','casagrande.st.michael@maxplanck.edu.it','casagrande.st.michael@maxplanck.edu.it', '5f4dcc3b5aa765d61d8327deb882cf99');
insert into persona(id, nome, cognome, indirizzo, residenza, provincia, cap, email, login, password ) values ('138', 'AVANI','CASELLA','VIA GALILEO GALILEI 10','PONZANO','TV','31050','casella.st.avani@maxplanck.edu.it','casella.st.avani@maxplanck.edu.it', '5f4dcc3b5aa765d61d8327deb882cf99');
insert into persona(id, nome, cognome, indirizzo, residenza, provincia, cap, email, login, password ) values ('139', 'GIACOMO','CASTELLAN','VIA C.A. RADAELLI 12A','RONCADE','TV','31056','castellan.st.giacomo@maxplanck.edu.it','castellan.st.giacomo@maxplanck.edu.it', '5f4dcc3b5aa765d61d8327deb882cf99');
insert into persona(id, nome, cognome, indirizzo, residenza, provincia, cap, email, login, password ) values ('140', 'RICCARDO','CECCHETTI','VIA COLONNA 46','SUSEGANA','TV','31058','cecchetti.st.riccardo@maxplanck.edu.it','cecchetti.st.riccardo@maxplanck.edu.it', '5f4dcc3b5aa765d61d8327deb882cf99');
insert into persona(id, nome, cognome, indirizzo, residenza, provincia, cap, email, login, password ) values ('141', 'RICCARDO','CENEDESE','Via Pastro 32/7','VILLORBA','TV','31020','cenedese.st.riccardo@maxplanck.edu.it','cenedese.st.riccardo@maxplanck.edu.it', '5f4dcc3b5aa765d61d8327deb882cf99');
insert into persona(id, nome, cognome, indirizzo, residenza, provincia, cap, email, login, password ) values ('142', 'MARCO','CERON','VIA FILIPPO TURATI 42/B','PAESE','TV','31038','ceron.st.marco@maxplanck.edu.it','ceron.st.marco@maxplanck.edu.it', '5f4dcc3b5aa765d61d8327deb882cf99');
insert into persona(id, nome, cognome, indirizzo, residenza, provincia, cap, email, login, password ) values ('143', 'QIANG','CHEN','BOTTENIGA, 19','TREVISO','TV','31100','chen.st.qiang@maxplanck.edu.it','chen.st.qiang@maxplanck.edu.it', '5f4dcc3b5aa765d61d8327deb882cf99');
insert into persona(id, nome, cognome, indirizzo, residenza, provincia, cap, email, login, password ) values ('144', 'FABIO','CIPRIOTTO','Via Divisione Alpina Taurinense ','ZERO BRANCO','TV','31059','cipriotto.st.fabio@maxplanck.edu.it','cipriotto.st.fabio@maxplanck.edu.it', '5f4dcc3b5aa765d61d8327deb882cf99');
insert into persona(id, nome, cognome, indirizzo, residenza, provincia, cap, email, login, password ) values ('145', 'SEBASTIANO','CISIOLA','Via Guglielmo Marconi, 103/B','MOGLIANO VENETO','TV','31021','cisiola.st.sebastiano@maxplanck.edu.it','cisiola.st.sebastiano@maxplanck.edu.it', '5f4dcc3b5aa765d61d8327deb882cf99');
insert into persona(id, nome, cognome, indirizzo, residenza, provincia, cap, email, login, password ) values ('146', 'ALESSANDRO','COLMELET','Via Don G. Minzoni  n.18','CARBONERA','TV','31030','colmelet.st.alessandro@maxplanck.edu.it','colmelet.st.alessandro@maxplanck.edu.it', '5f4dcc3b5aa765d61d8327deb882cf99');
insert into persona(id, nome, cognome, indirizzo, residenza, provincia, cap, email, login, password ) values ('147', 'DAVIDE','CORRO','VIA DEI BRILLI,2/D INT. 2','QUINTO DI TREVISO','TV','31055','corro.st.davide@maxplanck.edu.it','corro.st.davide@maxplanck.edu.it', '5f4dcc3b5aa765d61d8327deb882cf99');
insert into persona(id, nome, cognome, indirizzo, residenza, provincia, cap, email, login, password ) values ('148', 'ALESSANDRO','CORTESE','Via DEI BOTTERI, 6','SPRESIANO','TV','31027','cortese.st.alessandro@maxplanck.edu.it','cortese.st.alessandro@maxplanck.edu.it', '5f4dcc3b5aa765d61d8327deb882cf99');
insert into persona(id, nome, cognome, indirizzo, residenza, provincia, cap, email, login, password ) values ('149', 'GIULIO','CURTI','Via Della Resistenza 59/5','PAESE','TV','31038','curti.st.giulio@maxplanck.edu.it','curti.st.giulio@maxplanck.edu.it', '5f4dcc3b5aa765d61d8327deb882cf99');
insert into persona(id, nome, cognome, indirizzo, residenza, provincia, cap, email, login, password ) values ('150', 'ALINA','CUTINOVA','largo tre venezie, 1','TREVISO','TV','31100','cutinova.st.alina@maxplanck.edu.it','cutinova.st.alina@maxplanck.edu.it', '5f4dcc3b5aa765d61d8327deb882cf99');
insert into persona(id, nome, cognome, indirizzo, residenza, provincia, cap, email, login, password ) values ('151', 'LUCA','DAL BIANCO','via vittoria 4/b','CIMADOLMO','TV','31010','dalbianco.st.luca@maxplanck.edu.it','dalbianco.st.luca@maxplanck.edu.it', '5f4dcc3b5aa765d61d8327deb882cf99');
insert into persona(id, nome, cognome, indirizzo, residenza, provincia, cap, email, login, password ) values ('152', 'GIACOMO','DAL MOLIN','via longhin 128/a','RONCADE','TV','31056','dalmolin.st.giacomo@maxplanck.edu.it','dalmolin.st.giacomo@maxplanck.edu.it', '5f4dcc3b5aa765d61d8327deb882cf99');
insert into persona(id, nome, cognome, indirizzo, residenza, provincia, cap, email, login, password ) values ('153', 'SAMUELE','DALLAVA','VIA CRISTOFORO COLOMBO,8','MASERADA SUL PIAVE','TV','31052','dallava.st.samuele@maxplanck.edu.it','dallava.st.samuele@maxplanck.edu.it', '5f4dcc3b5aa765d61d8327deb882cf99');
insert into persona(id, nome, cognome, indirizzo, residenza, provincia, cap, email, login, password ) values ('154', 'LUCA','DE LAZZARI','VIA G. BENZI, 43','TREVISO','TV','31100','delazzari.st.luca@maxplanck.edu.it','delazzari.st.luca@maxplanck.edu.it', '5f4dcc3b5aa765d61d8327deb882cf99');
insert into persona(id, nome, cognome, indirizzo, residenza, provincia, cap, email, login, password ) values ('155', 'GIACOMO','DE MARCHI','F. Cristofoli 7','CONEGLIANO','TV','31015','demarchi.st.giacomo@maxplanck.edu.it','demarchi.st.giacomo@maxplanck.edu.it', '5f4dcc3b5aa765d61d8327deb882cf99');
insert into persona(id, nome, cognome, indirizzo, residenza, provincia, cap, email, login, password ) values ('156', 'RICCARDO','DE NINNO','VIA ZERMANESE SUPERIORE 43','CASIER','TV','31030','deninno.st.riccardo@maxplanck.edu.it','deninno.st.riccardo@maxplanck.edu.it', '5f4dcc3b5aa765d61d8327deb882cf99');
insert into persona(id, nome, cognome, indirizzo, residenza, provincia, cap, email, login, password ) values ('157', 'DENNIS','DE VECCHI','VIA SAMBUGHE'' 118','PREGANZIOL','TV','31022','devecchi.st.dennis@maxplanck.edu.it','devecchi.st.dennis@maxplanck.edu.it', '5f4dcc3b5aa765d61d8327deb882cf99');
insert into persona(id, nome, cognome, indirizzo, residenza, provincia, cap, email, login, password ) values ('158', 'RICCARDO','DELLANNA','VIA FONDERIA 10/B','TREVISO','TV','','dellanna.st.riccardo@maxplanck.edu.it','dellanna.st.riccardo@maxplanck.edu.it', '5f4dcc3b5aa765d61d8327deb882cf99');
insert into persona(id, nome, cognome, indirizzo, residenza, provincia, cap, email, login, password ) values ('159', 'ALESSANDRO','DEREVYTSKYY','CORTE D''ASSISE, 6','CASIER','TV','','derevytskyy.st.alessandro@maxplanck.edu.it','derevytskyy.st.alessandro@maxplanck.edu.it', '5f4dcc3b5aa765d61d8327deb882cf99');
insert into persona(id, nome, cognome, indirizzo, residenza, provincia, cap, email, login, password ) values ('160', 'DAVIDE','DI GATI','VIA TIBERIO 95','CAMPOBASSO','CB','86100','digati.st.davide@maxplanck.edu.it','digati.st.davide@maxplanck.edu.it', '5f4dcc3b5aa765d61d8327deb882cf99');
insert into persona(id, nome, cognome, indirizzo, residenza, provincia, cap, email, login, password ) values ('161', 'MARCO','DOGAO','VIA SAMBUGHE'' 141/a','PREGANZIOL','TV','31022','dogao.st.marco@maxplanck.edu.it','dogao.st.marco@maxplanck.edu.it', '5f4dcc3b5aa765d61d8327deb882cf99');
insert into persona(id, nome, cognome, indirizzo, residenza, provincia, cap, email, login, password ) values ('162', 'SIMONE ALFONSO','DONA','CARDUCCI 7','ZERO BRANCO','TV','31059','dona.st.simonealfonso@maxplanck.edu.it','dona.st.simonealfonso@maxplanck.edu.it', '5f4dcc3b5aa765d61d8327deb882cf99');
insert into persona(id, nome, cognome, indirizzo, residenza, provincia, cap, email, login, password ) values ('163', 'RICCARDO','DUSE','VIA Spalato 1','TREVISO','TV','31100','duse.st.riccardo@maxplanck.edu.it','duse.st.riccardo@maxplanck.edu.it', '5f4dcc3b5aa765d61d8327deb882cf99');
insert into persona(id, nome, cognome, indirizzo, residenza, provincia, cap, email, login, password ) values ('164', 'DJENIS','EJUPI','Via tommaso salsa 84/A','TREVISO','TV','31100','ejupi.st.djenis@maxplanck.edu.it','ejupi.st.djenis@maxplanck.edu.it', '5f4dcc3b5aa765d61d8327deb882cf99');
insert into persona(id, nome, cognome, indirizzo, residenza, provincia, cap, email, login, password ) values ('165', 'ALESSIO','FABIANO','VIA GRANDE DI MIGNAGOLA, 24/4','CARBONERA','TV','31030','fabiano.st.alessio@maxplanck.edu.it','fabiano.st.alessio@maxplanck.edu.it', '5f4dcc3b5aa765d61d8327deb882cf99');
insert into persona(id, nome, cognome, indirizzo, residenza, provincia, cap, email, login, password ) values ('166', 'PIETRO','FAVARATO','VIA CIARDI 38','QUINTO DI TREVISO','TV','31055','favarato.st.pietro@maxplanck.edu.it','favarato.st.pietro@maxplanck.edu.it', '5f4dcc3b5aa765d61d8327deb882cf99');
insert into persona(id, nome, cognome, indirizzo, residenza, provincia, cap, email, login, password ) values ('167', 'MARCO','FAVERO','VIA ANTONIO GENTILIN N. 4','TREVISO','TV','31100','favero.st.marco@maxplanck.edu.it','favero.st.marco@maxplanck.edu.it', '5f4dcc3b5aa765d61d8327deb882cf99');
insert into persona(id, nome, cognome, indirizzo, residenza, provincia, cap, email, login, password ) values ('168', 'ARDIAN','FERATI','via tezze','SAN POLO DI PIAVE','TV','31020','ferati.st.ardian@maxplanck.edu.it','ferati.st.ardian@maxplanck.edu.it', '5f4dcc3b5aa765d61d8327deb882cf99');
insert into persona(id, nome, cognome, indirizzo, residenza, provincia, cap, email, login, password ) values ('169', 'MATTEO','FIOROTTO','VIA P.A. SACCARDO 49','TREVISO','TV','31100','fiorotto.st.matteo@maxplanck.edu.it','fiorotto.st.matteo@maxplanck.edu.it', '5f4dcc3b5aa765d61d8327deb882cf99');
insert into persona(id, nome, cognome, indirizzo, residenza, provincia, cap, email, login, password ) values ('170', 'GABRIEL REMUS','FLOREA','via Rimini 16','MOGLIANO VENETO','TV','31021','florea.st.gabrielremus@maxplanck.edu.it','florea.st.gabrielremus@maxplanck.edu.it', '5f4dcc3b5aa765d61d8327deb882cf99');
insert into persona(id, nome, cognome, indirizzo, residenza, provincia, cap, email, login, password ) values ('171', 'CHRISTIAN RICCARDO','FOGALE','Via del preve 2/I','POVEGLIANO','TV','31050','fogale.st.christianriccardo@maxplanck.edu.it','fogale.st.christianriccardo@maxplanck.edu.it', '5f4dcc3b5aa765d61d8327deb882cf99');
insert into persona(id, nome, cognome, indirizzo, residenza, provincia, cap, email, login, password ) values ('172', 'ANDREA','FONTANA','via morer n4','MORGANO','TV','31050','fontana.st.andrea@maxplanck.edu.it','fontana.st.andrea@maxplanck.edu.it', '5f4dcc3b5aa765d61d8327deb882cf99');
insert into persona(id, nome, cognome, indirizzo, residenza, provincia, cap, email, login, password ) values ('173', 'MIRKO','FORCOLIN','via Paris Bordone 115','RONCADE','TV','31056','forcolin.st.mirko@maxplanck.edu.it','forcolin.st.mirko@maxplanck.edu.it', '5f4dcc3b5aa765d61d8327deb882cf99');
insert into persona(id, nome, cognome, indirizzo, residenza, provincia, cap, email, login, password ) values ('174', 'TOMMASO','FRANCESCHET','Via Roma, 107/03','CARBONERA','TV','31030','franceschet.st.tommaso@maxplanck.edu.it','franceschet.st.tommaso@maxplanck.edu.it', '5f4dcc3b5aa765d61d8327deb882cf99');
insert into persona(id, nome, cognome, indirizzo, residenza, provincia, cap, email, login, password ) values ('175', 'MICHAL','GAMBATO','via Principe 88','RONCADE','TV','31056','gambato.st.michal@maxplanck.edu.it','gambato.st.michal@maxplanck.edu.it', '5f4dcc3b5aa765d61d8327deb882cf99');
insert into persona(id, nome, cognome, indirizzo, residenza, provincia, cap, email, login, password ) values ('176', 'EDOARDO','GARI','VIA MADONNA DELLA SALUTE, 46','SILEA','TV','31057','gari.st.edoardo@maxplanck.edu.it','gari.st.edoardo@maxplanck.edu.it', '5f4dcc3b5aa765d61d8327deb882cf99');
insert into persona(id, nome, cognome, indirizzo, residenza, provincia, cap, email, login, password ) values ('177', 'TOMAS','GEGA','Vicolo G Marconi 8/1','QUINTO DI TREVISO','TV','31055','gega.st.tomas@maxplanck.edu.it','gega.st.tomas@maxplanck.edu.it', '5f4dcc3b5aa765d61d8327deb882cf99');
insert into persona(id, nome, cognome, indirizzo, residenza, provincia, cap, email, login, password ) values ('178', 'ENRICO','GIACALONE','via turati 7','PREGANZIOL','TV','31022','giacalone.st.enrico@maxplanck.edu.it','giacalone.st.enrico@maxplanck.edu.it', '5f4dcc3b5aa765d61d8327deb882cf99');
insert into persona(id, nome, cognome, indirizzo, residenza, provincia, cap, email, login, password ) values ('179', 'GIULIA','GIROTTO','via Julia n.42','MASERADA SUL PIAVE','TV','31052','girotto.st.giulia@maxplanck.edu.it','girotto.st.giulia@maxplanck.edu.it', '5f4dcc3b5aa765d61d8327deb882cf99');
insert into persona(id, nome, cognome, indirizzo, residenza, provincia, cap, email, login, password ) values ('180', 'ALESSANDRO','GIUSTI','Via Degli Alpini 3','SAN BIAGIO DI CALLALTA','TV','31048','giusti.st.alessandro@maxplanck.edu.it','giusti.st.alessandro@maxplanck.edu.it', '5f4dcc3b5aa765d61d8327deb882cf99');
insert into persona(id, nome, cognome, indirizzo, residenza, provincia, cap, email, login, password ) values ('181', 'MANUEL','GOLINO','VIA VITTORIO VENETO 23','MASERADA SUL PIAVE','TV','31052','golino.st.manuel@maxplanck.edu.it','golino.st.manuel@maxplanck.edu.it', '5f4dcc3b5aa765d61d8327deb882cf99');
insert into persona(id, nome, cognome, indirizzo, residenza, provincia, cap, email, login, password ) values ('182', 'THOMAS','GRANZOTTO','Gasparotto Vecellio 68','SPRESIANO','TV','31027','granzotto.st.thomas@maxplanck.edu.it','granzotto.st.thomas@maxplanck.edu.it', '5f4dcc3b5aa765d61d8327deb882cf99');
insert into persona(id, nome, cognome, indirizzo, residenza, provincia, cap, email, login, password ) values ('183', 'ETTORE','GRECO','VIA DON LUIGI STURZO, 10','TREVISO','TV','31100','greco.st.ettore@maxplanck.edu.it','greco.st.ettore@maxplanck.edu.it', '5f4dcc3b5aa765d61d8327deb882cf99');
insert into persona(id, nome, cognome, indirizzo, residenza, provincia, cap, email, login, password ) values ('184', 'MATTEO','HU','Luigi Pastro, 128','VOLPAGO DEL MONTELLO','TV','31040','hu.st.matteo@maxplanck.edu.it','hu.st.matteo@maxplanck.edu.it', '5f4dcc3b5aa765d61d8327deb882cf99');
insert into persona(id, nome, cognome, indirizzo, residenza, provincia, cap, email, login, password ) values ('185', 'ETTORE','INGARGIOLA','VIALE NAZIONI UNITE 130','TREVISO','TV','31100','ingargiola.st.ettore@maxplanck.edu.it','ingargiola.st.ettore@maxplanck.edu.it', '5f4dcc3b5aa765d61d8327deb882cf99');
insert into persona(id, nome, cognome, indirizzo, residenza, provincia, cap, email, login, password ) values ('186', 'GIULIO','KASTRATI','via risorgiment nr 3','SAN BIAGIO DI CALLALTA','TV','31048','kastrati.st.giulio@maxplanck.edu.it','kastrati.st.giulio@maxplanck.edu.it', '5f4dcc3b5aa765d61d8327deb882cf99');
insert into persona(id, nome, cognome, indirizzo, residenza, provincia, cap, email, login, password ) values ('187', 'NICOLO','KRYSHTAL','VICOLO FONTANE, 2A','TREVISO','TV','31100','kryshtal.st.nicolo@maxplanck.edu.it','kryshtal.st.nicolo@maxplanck.edu.it', '5f4dcc3b5aa765d61d8327deb882cf99');
insert into persona(id, nome, cognome, indirizzo, residenza, provincia, cap, email, login, password ) values ('188', 'MARCO','LA SCALA','VIA E. DE AMICIS 2','CASIER','TV','31030','lascala.st.marco@maxplanck.edu.it','lascala.st.marco@maxplanck.edu.it', '5f4dcc3b5aa765d61d8327deb882cf99');
insert into persona(id, nome, cognome, indirizzo, residenza, provincia, cap, email, login, password ) values ('189', 'LORENZO','LASHKIBA','Via bortolozzi 1, fagare della b','ROMA','RM','31048','lashkiba.st.lorenzo@maxplanck.edu.it','lashkiba.st.lorenzo@maxplanck.edu.it', '5f4dcc3b5aa765d61d8327deb882cf99');
insert into persona(id, nome, cognome, indirizzo, residenza, provincia, cap, email, login, password ) values ('190', 'BRIAN','LAZZARIS','Via Cesare Battisti','SPRESIANO','TV','31027','lazzaris.st.brian@maxplanck.edu.it','lazzaris.st.brian@maxplanck.edu.it', '5f4dcc3b5aa765d61d8327deb882cf99');
insert into persona(id, nome, cognome, indirizzo, residenza, provincia, cap, email, login, password ) values ('191', 'SIMONE','LINGUANOTTO','VIA MOZART 30','SAN BIAGIO DI CALLALTA','TV','31048','linguanotto.st.simone@maxplanck.edu.it','linguanotto.st.simone@maxplanck.edu.it', '5f4dcc3b5aa765d61d8327deb882cf99');
insert into persona(id, nome, cognome, indirizzo, residenza, provincia, cap, email, login, password ) values ('192', 'DANILO','LONGO','via della Liberta'' 1','CASALE SUL SILE','TV','31032','longo.st.danilo@maxplanck.edu.it','longo.st.danilo@maxplanck.edu.it', '5f4dcc3b5aa765d61d8327deb882cf99');
insert into persona(id, nome, cognome, indirizzo, residenza, provincia, cap, email, login, password ) values ('193', 'ARJEL','LOSHI','via toni benetton 3/9','MOGLIANO VENETO','TV','31021','loshi.st.arjel@maxplanck.edu.it','loshi.st.arjel@maxplanck.edu.it', '5f4dcc3b5aa765d61d8327deb882cf99');
insert into persona(id, nome, cognome, indirizzo, residenza, provincia, cap, email, login, password ) values ('194', 'MAOXIN FRANCESCO','LUO','VIA PARRI 4','PAESE','TV','31038','luo.st.maoxinfrancesco@maxplanck.edu.it','luo.st.maoxinfrancesco@maxplanck.edu.it', '5f4dcc3b5aa765d61d8327deb882cf99');
insert into persona(id, nome, cognome, indirizzo, residenza, provincia, cap, email, login, password ) values ('195', 'JOEL','MACCARI','via code n. 10','BREDA DI PIAVE','TV','31030','maccari.st.joel@maxplanck.edu.it','maccari.st.joel@maxplanck.edu.it', '5f4dcc3b5aa765d61d8327deb882cf99');
insert into persona(id, nome, cognome, indirizzo, residenza, provincia, cap, email, login, password ) values ('196', 'ALESSANDRO','MACUGLIA','VIA DEL DONATORE 37/A','ARCADE','TV','31030','macuglia.st.alessandro@maxplanck.edu.it','macuglia.st.alessandro@maxplanck.edu.it', '5f4dcc3b5aa765d61d8327deb882cf99');
insert into persona(id, nome, cognome, indirizzo, residenza, provincia, cap, email, login, password ) values ('197', 'JACOPO','MAGUOLO','VIA ALBERA 7/3','ZERO BRANCO','TV','31059','maguolo.st.jacopo@maxplanck.edu.it','maguolo.st.jacopo@maxplanck.edu.it', '5f4dcc3b5aa765d61d8327deb882cf99');
insert into persona(id, nome, cognome, indirizzo, residenza, provincia, cap, email, login, password ) values ('198', 'SILVIA','MARCHESIN','Via Roma, 22','SAN BIAGIO DI CALLALTA','TV','31048','marchesin.st.silvia@maxplanck.edu.it','marchesin.st.silvia@maxplanck.edu.it', '5f4dcc3b5aa765d61d8327deb882cf99');
insert into persona(id, nome, cognome, indirizzo, residenza, provincia, cap, email, login, password ) values ('199', 'DAVIDE','MARCON','via Bosco,43/A','SAN BIAGIO DI CALLALTA','TV','31048','marcon.st.davide@maxplanck.edu.it','marcon.st.davide@maxplanck.edu.it', '5f4dcc3b5aa765d61d8327deb882cf99');
insert into persona(id, nome, cognome, indirizzo, residenza, provincia, cap, email, login, password ) values ('200', 'DARIO','MARTINELLI','via Fam.Alberghetti n 08','TREVISO','TV','31100','martinelli.st.dario@maxplanck.edu.it','martinelli.st.dario@maxplanck.edu.it', '5f4dcc3b5aa765d61d8327deb882cf99');
insert into persona(id, nome, cognome, indirizzo, residenza, provincia, cap, email, login, password ) values ('201', 'LUCA','MASANEO','Via Trevisana 48 Varago','MASERADA SUL PIAVE','TV','31052','masaneo.st.luca@maxplanck.edu.it','masaneo.st.luca@maxplanck.edu.it', '5f4dcc3b5aa765d61d8327deb882cf99');
insert into persona(id, nome, cognome, indirizzo, residenza, provincia, cap, email, login, password ) values ('202', 'LEO','MATIA','VIA TREFORNI 76','PAESE','TV','31038','matia.st.leo@maxplanck.edu.it','matia.st.leo@maxplanck.edu.it', '5f4dcc3b5aa765d61d8327deb882cf99');
insert into persona(id, nome, cognome, indirizzo, residenza, provincia, cap, email, login, password ) values ('203', 'MARCO','MATTEI','VIA I MAGGIO 18 B','SUSEGANA','TV','31058','mattei.st.marco@maxplanck.edu.it','mattei.st.marco@maxplanck.edu.it', '5f4dcc3b5aa765d61d8327deb882cf99');
insert into persona(id, nome, cognome, indirizzo, residenza, provincia, cap, email, login, password ) values ('204', 'MARCO','MATTIUZ','Via Ca'' Polverin 24','CASALE SUL SILE','TV','31032','mattiuz.st.marco@maxplanck.edu.it','mattiuz.st.marco@maxplanck.edu.it', '5f4dcc3b5aa765d61d8327deb882cf99');
insert into persona(id, nome, cognome, indirizzo, residenza, provincia, cap, email, login, password ) values ('205', 'GIACOMO','MATTIUZZO','VIA PIO VI N.3B LOVADINA','SPRESIANO','TV','31027','mattiuzzo.st.giacomo@maxplanck.edu.it','mattiuzzo.st.giacomo@maxplanck.edu.it', '5f4dcc3b5aa765d61d8327deb882cf99');
insert into persona(id, nome, cognome, indirizzo, residenza, provincia, cap, email, login, password ) values ('206', 'MATTEO','MAZZARO','Guidini, 27','ZERO BRANCO','TV','','mazzaro.st.matteo@maxplanck.edu.it','mazzaro.st.matteo@maxplanck.edu.it', '5f4dcc3b5aa765d61d8327deb882cf99');
insert into persona(id, nome, cognome, indirizzo, residenza, provincia, cap, email, login, password ) values ('207', 'NATALY CHRIS','MEDINA ARIAS','VIA PIAVESELLA  4','VILLORBA','TV','31020','medinaarias.st.natalychris@maxplanck.edu.it','medinaarias.st.natalychris@maxplanck.edu.it', '5f4dcc3b5aa765d61d8327deb882cf99');
insert into persona(id, nome, cognome, indirizzo, residenza, provincia, cap, email, login, password ) values ('208', 'SIMONE','MEGGIATO','via poli 12/2','CASALE SUL SILE','TV','31032','meggiato.st.simone@maxplanck.edu.it','meggiato.st.simone@maxplanck.edu.it', '5f4dcc3b5aa765d61d8327deb882cf99');
insert into persona(id, nome, cognome, indirizzo, residenza, provincia, cap, email, login, password ) values ('209', 'EMMANUEL','MELONI','Via Madonna delle Vittorie 6/1','MASERADA SUL PIAVE','TV','31052','meloni.st.emmanuel@maxplanck.edu.it','meloni.st.emmanuel@maxplanck.edu.it', '5f4dcc3b5aa765d61d8327deb882cf99');
insert into persona(id, nome, cognome, indirizzo, residenza, provincia, cap, email, login, password ) values ('210', 'LUCA','MENEGHETTI','Via C. Battisti, 15','SPRESIANO','TV','31027','meneghetti.st.luca@maxplanck.edu.it','meneghetti.st.luca@maxplanck.edu.it', '5f4dcc3b5aa765d61d8327deb882cf99');
insert into persona(id, nome, cognome, indirizzo, residenza, provincia, cap, email, login, password ) values ('211', 'ALESSANDRO','MIATELLO','Via G. Marconi 101 B','MORGANO','TV','31050','miatello.st.alessandro@maxplanck.edu.it','miatello.st.alessandro@maxplanck.edu.it', '5f4dcc3b5aa765d61d8327deb882cf99');
insert into persona(id, nome, cognome, indirizzo, residenza, provincia, cap, email, login, password ) values ('212', 'MATTEO','MICHIELETTO','VIA MARTIRI DI CEFALONIA 4/3','PREGANZIOL','TV','31022','michieletto.st.matteo@maxplanck.edu.it','michieletto.st.matteo@maxplanck.edu.it', '5f4dcc3b5aa765d61d8327deb882cf99');
insert into persona(id, nome, cognome, indirizzo, residenza, provincia, cap, email, login, password ) values ('213', 'LEONARDO','MIGLIORANZA','via pietro sola 38/a','ZERO BRANCO','TV','31059','miglioranza.st.leonardo@maxplanck.edu.it','miglioranza.st.leonardo@maxplanck.edu.it', '5f4dcc3b5aa765d61d8327deb882cf99');
insert into persona(id, nome, cognome, indirizzo, residenza, provincia, cap, email, login, password ) values ('214', 'NICOLA','MIGLIORANZA','VICOLO CANIZZANO 9','TREVISO','TV','31100','miglioranza.st.nicola@maxplanck.edu.it','miglioranza.st.nicola@maxplanck.edu.it', '5f4dcc3b5aa765d61d8327deb882cf99');
insert into persona(id, nome, cognome, indirizzo, residenza, provincia, cap, email, login, password ) values ('215', 'MATTEO','MODOLO','Vicolo San Giuseppe, 9','SPRESIANO','TV','31027','modolo.st.matteo1@maxplanck.edu.it','modolo.st.matteo1@maxplanck.edu.it', '5f4dcc3b5aa765d61d8327deb882cf99');
insert into persona(id, nome, cognome, indirizzo, residenza, provincia, cap, email, login, password ) values ('216', 'VALENTINO','MORAO','Via Fratelli Bianchin 38/A','PAESE','TV','31038','morao.st.valentino@maxplanck.edu.it','morao.st.valentino@maxplanck.edu.it', '5f4dcc3b5aa765d61d8327deb882cf99');
insert into persona(id, nome, cognome, indirizzo, residenza, provincia, cap, email, login, password ) values ('217', 'MICHELE','MURGIA','Viale Giovanni XXIII     N16','CASIER','TV','31030','murgia.st.michele@maxplanck.edu.it','murgia.st.michele@maxplanck.edu.it', '5f4dcc3b5aa765d61d8327deb882cf99');
insert into persona(id, nome, cognome, indirizzo, residenza, provincia, cap, email, login, password ) values ('218', 'FRANCESCO','NARDER','ANZANEL 3','ODERZO','TV','31046','narder.st.francesco@maxplanck.edu.it','narder.st.francesco@maxplanck.edu.it', '5f4dcc3b5aa765d61d8327deb882cf99');
insert into persona(id, nome, cognome, indirizzo, residenza, provincia, cap, email, login, password ) values ('219', 'MATTIA','NASATO','via Masetto 5A','PONZANO','TV','31050','nasato.st.mattia@maxplanck.edu.it','nasato.st.mattia@maxplanck.edu.it', '5f4dcc3b5aa765d61d8327deb882cf99');
insert into persona(id, nome, cognome, indirizzo, residenza, provincia, cap, email, login, password ) values ('220', 'TOMMASO','NOCCHI','via Tiepolo 77','SILEA','TV','31057','nocchi.st.tommaso@maxplanck.edu.it','nocchi.st.tommaso@maxplanck.edu.it', '5f4dcc3b5aa765d61d8327deb882cf99');
insert into persona(id, nome, cognome, indirizzo, residenza, provincia, cap, email, login, password ) values ('221', 'CAMILLA','OLIVOTTO','Via Arche, 1','SPRESIANO','TV','31027','olivotto.st.camilla@maxplanck.edu.it','olivotto.st.camilla@maxplanck.edu.it', '5f4dcc3b5aa765d61d8327deb882cf99');
insert into persona(id, nome, cognome, indirizzo, residenza, provincia, cap, email, login, password ) values ('222', 'ALESSANDRO','ONORATO','via Mameli, 10','PREGANZIOL','TV','31022','onorato.st.alessandro@maxplanck.edu.it','onorato.st.alessandro@maxplanck.edu.it', '5f4dcc3b5aa765d61d8327deb882cf99');
insert into persona(id, nome, cognome, indirizzo, residenza, provincia, cap, email, login, password ) values ('223', 'JOEL','OSMANI','Via San Michele 85','CASALE SUL SILE','TV','31032','osmani.st.joel@maxplanck.edu.it','osmani.st.joel@maxplanck.edu.it', '5f4dcc3b5aa765d61d8327deb882cf99');
insert into persona(id, nome, cognome, indirizzo, residenza, provincia, cap, email, login, password ) values ('224', 'FILIPPO','PAGURA','Via Molino Soligon 7/A','SAN BIAGIO DI CALLALTA','TV','31048','pagura.st.filippo@maxplanck.edu.it','pagura.st.filippo@maxplanck.edu.it', '5f4dcc3b5aa765d61d8327deb882cf99');
insert into persona(id, nome, cognome, indirizzo, residenza, provincia, cap, email, login, password ) values ('225', 'MATTEO','PANIGHEL','VIA FORLANI 42','CASALE SUL SILE','TV','31032','panighel.st.matteo@maxplanck.edu.it','panighel.st.matteo@maxplanck.edu.it', '5f4dcc3b5aa765d61d8327deb882cf99');
insert into persona(id, nome, cognome, indirizzo, residenza, provincia, cap, email, login, password ) values ('226', 'FILIPPO','PAROVEL','PIAZZA DELLE ISTITUZIONI, 22','TREVISO','TV','','parovel.st.filippo@maxplanck.edu.it','parovel.st.filippo@maxplanck.edu.it', '5f4dcc3b5aa765d61d8327deb882cf99');
insert into persona(id, nome, cognome, indirizzo, residenza, provincia, cap, email, login, password ) values ('227', 'DAVIDE','PAVAN','VIA MOLIN CAPPELLO, 16/A','MORGANO','TV','31050','pavan.st.davide1@maxplanck.edu.it','pavan.st.davide1@maxplanck.edu.it', '5f4dcc3b5aa765d61d8327deb882cf99');
insert into persona(id, nome, cognome, indirizzo, residenza, provincia, cap, email, login, password ) values ('228', 'JACOPO','PAVAN','via Don Giovanni Minzoni 27','CASALE SUL SILE','TV','31032','pavan.st.jacopo@maxplanck.edu.it','pavan.st.jacopo@maxplanck.edu.it', '5f4dcc3b5aa765d61d8327deb882cf99');
insert into persona(id, nome, cognome, indirizzo, residenza, provincia, cap, email, login, password ) values ('229', 'MATTIA','PAVAN','via A.Manzoni, 3/2','ZERO BRANCO','TV','31059','pavan.st.mattia@maxplanck.edu.it','pavan.st.mattia@maxplanck.edu.it', '5f4dcc3b5aa765d61d8327deb882cf99');
insert into persona(id, nome, cognome, indirizzo, residenza, provincia, cap, email, login, password ) values ('230', 'RICCARDO','PAVAN','Via Demetrio Rossi, 54/B','MASERADA SUL PIAVE','TV','31052','pavan.st.riccardo@maxplanck.edu.it','pavan.st.riccardo@maxplanck.edu.it', '5f4dcc3b5aa765d61d8327deb882cf99');
insert into persona(id, nome, cognome, indirizzo, residenza, provincia, cap, email, login, password ) values ('231', 'SEBASTIANO','PAVAN','ALESSANDRINI 6','TREVISO','TV','31100','pavan.st.sebastiano@maxplanck.edu.it','pavan.st.sebastiano@maxplanck.edu.it', '5f4dcc3b5aa765d61d8327deb882cf99');
insert into persona(id, nome, cognome, indirizzo, residenza, provincia, cap, email, login, password ) values ('232', 'TOMMASO','PAVANELLO','Via Boffi 1','QUINTO DI TREVISO','TV','31055','pavanello.st.tommaso@maxplanck.edu.it','pavanello.st.tommaso@maxplanck.edu.it', '5f4dcc3b5aa765d61d8327deb882cf99');
insert into persona(id, nome, cognome, indirizzo, residenza, provincia, cap, email, login, password ) values ('233', 'CRISTIAN','PEPAJ','VIA DON MINZONI,5','QUINTO DI TREVISO','TV','31055','pepaj.st.cristian@maxplanck.edu.it','pepaj.st.cristian@maxplanck.edu.it', '5f4dcc3b5aa765d61d8327deb882cf99');
insert into persona(id, nome, cognome, indirizzo, residenza, provincia, cap, email, login, password ) values ('234', 'THOMAS','PESCE','via bertoneria 30/m','ZERO BRANCO','TV','31059','pesce.st.thomas@maxplanck.edu.it','pesce.st.thomas@maxplanck.edu.it', '5f4dcc3b5aa765d61d8327deb882cf99');
insert into persona(id, nome, cognome, indirizzo, residenza, provincia, cap, email, login, password ) values ('235', 'ENRICO','PETRILLO','Via Carlo Pisacane 26a','MOGLIANO VENETO','TV','31021','petrillo.st.enrico@maxplanck.edu.it','petrillo.st.enrico@maxplanck.edu.it', '5f4dcc3b5aa765d61d8327deb882cf99');
insert into persona(id, nome, cognome, indirizzo, residenza, provincia, cap, email, login, password ) values ('236', 'SEBASTIANO','PIOVESAN','P. DE COUBERTIN 7','TREVISO','TV','31100','piovesan.st.sebastiano@maxplanck.edu.it','piovesan.st.sebastiano@maxplanck.edu.it', '5f4dcc3b5aa765d61d8327deb882cf99');
insert into persona(id, nome, cognome, indirizzo, residenza, provincia, cap, email, login, password ) values ('237', 'ANDREA','PIVETTA','STRADA VISTORTA 11','SACILE','PN','33077','pivetta.st.andrea@maxplanck.edu.it','pivetta.st.andrea@maxplanck.edu.it', '5f4dcc3b5aa765d61d8327deb882cf99');
insert into persona(id, nome, cognome, indirizzo, residenza, provincia, cap, email, login, password ) values ('238', 'FILIPPO','POLO DAMBROSIO','Togliatti, 5','MOGLIANO VENETO','TV','','polodambrosio.st.filippo@maxplanck.edu.it','polodambrosio.st.filippo@maxplanck.edu.it', '5f4dcc3b5aa765d61d8327deb882cf99');
insert into persona(id, nome, cognome, indirizzo, residenza, provincia, cap, email, login, password ) values ('239', 'GIOVANNI','QUACCHIA','Via A. Gramsci n. 14','PAESE','TV','31038','quacchia.st.giovanni@maxplanck.edu.it','quacchia.st.giovanni@maxplanck.edu.it', '5f4dcc3b5aa765d61d8327deb882cf99');
insert into persona(id, nome, cognome, indirizzo, residenza, provincia, cap, email, login, password ) values ('240', 'RICCARDO','RISATO','Via Dante, 11 ,Spercenigo','SAN BIAGIO DI CALLALTA','TV','31048','risato.st.riccardo@maxplanck.edu.it','risato.st.riccardo@maxplanck.edu.it', '5f4dcc3b5aa765d61d8327deb882cf99');
insert into persona(id, nome, cognome, indirizzo, residenza, provincia, cap, email, login, password ) values ('241', 'FRANCESCO','ROMANO','Via Del Piantaletto, 16','PIEVE DI SOLIGO','TV','31053','romano.st.francesco@maxplanck.edu.it','romano.st.francesco@maxplanck.edu.it', '5f4dcc3b5aa765d61d8327deb882cf99');
insert into persona(id, nome, cognome, indirizzo, residenza, provincia, cap, email, login, password ) values ('242', 'LUCA','RONCHIN','VICOLO POLI 64','CASALE SUL SILE','TV','31032','ronchin.st.luca@maxplanck.edu.it','ronchin.st.luca@maxplanck.edu.it', '5f4dcc3b5aa765d61d8327deb882cf99');
insert into persona(id, nome, cognome, indirizzo, residenza, provincia, cap, email, login, password ) values ('243', 'HICHAM','SADKI','viale francia 26','TREVISO','TV','31100','sadki.st.hicham@maxplanck.edu.it','sadki.st.hicham@maxplanck.edu.it', '5f4dcc3b5aa765d61d8327deb882cf99');
insert into persona(id, nome, cognome, indirizzo, residenza, provincia, cap, email, login, password ) values ('244', 'ALESSANDRO','SALAMONE','Via Morosini 37','RONCADE','TV','31056','salamone.st.alessandro@maxplanck.edu.it','salamone.st.alessandro@maxplanck.edu.it', '5f4dcc3b5aa765d61d8327deb882cf99');
insert into persona(id, nome, cognome, indirizzo, residenza, provincia, cap, email, login, password ) values ('245', 'ALESSANDRO','SANNA','VIA ARNALDO PIUTTI, 13','CONEGLIANO','TV','31015','sanna.st.alessandro@maxplanck.edu.it','sanna.st.alessandro@maxplanck.edu.it', '5f4dcc3b5aa765d61d8327deb882cf99');
insert into persona(id, nome, cognome, indirizzo, residenza, provincia, cap, email, login, password ) values ('246', 'DAVIDE','SCHIAVONE','VIA DELLE MUNEGHE, 4/V','TREVISO','TV','31100','schiavone.st.davide@maxplanck.edu.it','schiavone.st.davide@maxplanck.edu.it', '5f4dcc3b5aa765d61d8327deb882cf99');
insert into persona(id, nome, cognome, indirizzo, residenza, provincia, cap, email, login, password ) values ('247', 'LEONARDO','SERAFIN','via cavour, 60','CODOGNE''','TV','31013','serafin.st.leonardo@maxplanck.edu.it','serafin.st.leonardo@maxplanck.edu.it', '5f4dcc3b5aa765d61d8327deb882cf99');
insert into persona(id, nome, cognome, indirizzo, residenza, provincia, cap, email, login, password ) values ('248', 'DAVIDE','SEVERIN','Via B. Rossato 7/A','PAESE','TV','31038','severin.st.davide@maxplanck.edu.it','severin.st.davide@maxplanck.edu.it', '5f4dcc3b5aa765d61d8327deb882cf99');
insert into persona(id, nome, cognome, indirizzo, residenza, provincia, cap, email, login, password ) values ('249', 'SHEFIK','SHERA','Via Marche 2/3','BREDA DI PIAVE','TV','31030','shera.st.shefik@maxplanck.edu.it','shera.st.shefik@maxplanck.edu.it', '5f4dcc3b5aa765d61d8327deb882cf99');
insert into persona(id, nome, cognome, indirizzo, residenza, provincia, cap, email, login, password ) values ('250', 'FRANCESCO','SIMIONATO','VIA FIANDRE 2','PREGANZIOL','TV','31022','simionato.st.francesco@maxplanck.edu.it','simionato.st.francesco@maxplanck.edu.it', '5f4dcc3b5aa765d61d8327deb882cf99');
insert into persona(id, nome, cognome, indirizzo, residenza, provincia, cap, email, login, password ) values ('251', 'MATTEO EMANUELE','SOLDAN','VIA ARTIGLIERIA ALPINA, 17','ZERO BRANCO','TV','31059','soldan.st.matteoemanuele@maxplanck.edu.it','soldan.st.matteoemanuele@maxplanck.edu.it', '5f4dcc3b5aa765d61d8327deb882cf99');
insert into persona(id, nome, cognome, indirizzo, residenza, provincia, cap, email, login, password ) values ('252', 'ELIA','SOLIMAN','VIA DANTE, 41A','VILLORBA','TV','31050','soliman.st.elia@maxplanck.edu.it','soliman.st.elia@maxplanck.edu.it', '5f4dcc3b5aa765d61d8327deb882cf99');
insert into persona(id, nome, cognome, indirizzo, residenza, provincia, cap, email, login, password ) values ('253', 'LUCA','SONG','VIA GIOSUE'' CARDUCCI 1A','SPRESIANO','TV','31027','song.st.luca@maxplanck.edu.it','song.st.luca@maxplanck.edu.it', '5f4dcc3b5aa765d61d8327deb882cf99');
insert into persona(id, nome, cognome, indirizzo, residenza, provincia, cap, email, login, password ) values ('254', 'MOUHAMADOU MOUSTAPHA','SOW','Via Granze 11/B','NERVESA DELLA BATTAGLIA','TV','31040','sow.st.mouhamadou@maxplanck.edu.it','sow.st.mouhamadou@maxplanck.edu.it', '5f4dcc3b5aa765d61d8327deb882cf99');
insert into persona(id, nome, cognome, indirizzo, residenza, provincia, cap, email, login, password ) values ('255', 'LORENZO','SPERANDIO','VIALE CACCIANIGA 66','MASERADA SUL PIAVE','TV','31052','sperandio.st.lorenzo@maxplanck.edu.it','sperandio.st.lorenzo@maxplanck.edu.it', '5f4dcc3b5aa765d61d8327deb882cf99');
insert into persona(id, nome, cognome, indirizzo, residenza, provincia, cap, email, login, password ) values ('256', 'ROBERTO ANTONIO','SPINA','Via Luisello 1/B','PREGANZIOL','TV','31022','spina.st.robertoantonio@maxplanck.edu.it','spina.st.robertoantonio@maxplanck.edu.it', '5f4dcc3b5aa765d61d8327deb882cf99');
insert into persona(id, nome, cognome, indirizzo, residenza, provincia, cap, email, login, password ) values ('257', 'LUCA','STEFANI','VIA POZZETTO, 39','SILEA','TV','31057','stefani.st.luca@maxplanck.edu.it','stefani.st.luca@maxplanck.edu.it', '5f4dcc3b5aa765d61d8327deb882cf99');
insert into persona(id, nome, cognome, indirizzo, residenza, provincia, cap, email, login, password ) values ('258', 'ZE YANG','SUN ','LIBIA 15/B','TREVISO','TV','31100','sun.st.zeyang@maxplanck.edu.it','sun.st.zeyang@maxplanck.edu.it', '5f4dcc3b5aa765d61d8327deb882cf99');
insert into persona(id, nome, cognome, indirizzo, residenza, provincia, cap, email, login, password ) values ('259', 'ENRICO','TEMPESTIN','via Calderba 40','PONTE DI PIAVE','TV','31047','tempestin.st.enrico@maxplanck.edu.it','tempestin.st.enrico@maxplanck.edu.it', '5f4dcc3b5aa765d61d8327deb882cf99');
insert into persona(id, nome, cognome, indirizzo, residenza, provincia, cap, email, login, password ) values ('260', 'MATTEO','TOFFOLETTO','via granze 16 a','NERVESA DELLA BATTAGLIA','TV','31040','toffoletto.st.matteo@maxplanck.edu.it','toffoletto.st.matteo@maxplanck.edu.it', '5f4dcc3b5aa765d61d8327deb882cf99');
insert into persona(id, nome, cognome, indirizzo, residenza, provincia, cap, email, login, password ) values ('261', 'ALBERTO','TONETTO','VIA UMBERTO NOBILE N.11','PREGANZIOL','TV','31022','tonetto.st.alberto@maxplanck.edu.it','tonetto.st.alberto@maxplanck.edu.it', '5f4dcc3b5aa765d61d8327deb882cf99');
insert into persona(id, nome, cognome, indirizzo, residenza, provincia, cap, email, login, password ) values ('262', 'VLADYSLAV','TSYMBALENKO','vicolo ROMA 4E','ARCADE','TV','31030','tsymbalenko.st.vladyslav@maxplanck.edu.it','tsymbalenko.st.vladyslav@maxplanck.edu.it', '5f4dcc3b5aa765d61d8327deb882cf99');
insert into persona(id, nome, cognome, indirizzo, residenza, provincia, cap, email, login, password ) values ('263', 'LINDA','ULIANA','VIA RONZINELLA, 208','MOGLIANO VENETO','TV','31021','uliana.st.linda@maxplanck.edu.it','uliana.st.linda@maxplanck.edu.it', '5f4dcc3b5aa765d61d8327deb882cf99');
insert into persona(id, nome, cognome, indirizzo, residenza, provincia, cap, email, login, password ) values ('264', 'RUBEN','VERDI','Via Caspeda,27','PRIMIERO SAN MARTINO DI CASTROZZA','TN','38054','verdi.st.ruben@maxplanck.edu.it','verdi.st.ruben@maxplanck.edu.it', '5f4dcc3b5aa765d61d8327deb882cf99');
insert into persona(id, nome, cognome, indirizzo, residenza, provincia, cap, email, login, password ) values ('265', 'GIACOMO','VERGARI','Via Grande di Mignagola 114/a','CARBONERA','TV','31030','vergari.st.giacomo@maxplanck.edu.it','vergari.st.giacomo@maxplanck.edu.it', '5f4dcc3b5aa765d61d8327deb882cf99');
insert into persona(id, nome, cognome, indirizzo, residenza, provincia, cap, email, login, password ) values ('266', 'ALEX','VERONESE','Dell''Artigliere, 1A/4','ARCADE','TV','31030','veronese.st.alex@maxplanck.edu.it','veronese.st.alex@maxplanck.edu.it', '5f4dcc3b5aa765d61d8327deb882cf99');
insert into persona(id, nome, cognome, indirizzo, residenza, provincia, cap, email, login, password ) values ('267', 'RICCARDO','VERRI','VIA ZAGARIA 16','QUINTO DI TREVISO','TV','31055','verri.st.riccardo@maxplanck.edu.it','verri.st.riccardo@maxplanck.edu.it', '5f4dcc3b5aa765d61d8327deb882cf99');
insert into persona(id, nome, cognome, indirizzo, residenza, provincia, cap, email, login, password ) values ('268', 'MARCO','VIOLA','VIA G. MAZZINI, 14','GAIARINE','TV','31018','viola.st.marco@maxplanck.edu.it','viola.st.marco@maxplanck.edu.it', '5f4dcc3b5aa765d61d8327deb882cf99');
insert into persona(id, nome, cognome, indirizzo, residenza, provincia, cap, email, login, password ) values ('269', 'LORENZO','VITAGLIANO','Via Conti Agosti 24/C','MARENO DI PIAVE','TV','31010','vitagliano.st.lorenzo@maxplanck.edu.it','vitagliano.st.lorenzo@maxplanck.edu.it', '5f4dcc3b5aa765d61d8327deb882cf99');
insert into persona(id, nome, cognome, indirizzo, residenza, provincia, cap, email, login, password ) values ('270', 'TIZIANO','VOLPATO','Via S.Schiavon 32','ZERO BRANCO','TV','31059','volpato.st.tiziano@maxplanck.edu.it','volpato.st.tiziano@maxplanck.edu.it', '5f4dcc3b5aa765d61d8327deb882cf99');
insert into persona(id, nome, cognome, indirizzo, residenza, provincia, cap, email, login, password ) values ('271', 'LEONARDO','ZAGO','VIA MARMOLADA 18/3','POVEGLIANO','TV','31050','zago.st.leonardo@maxplanck.edu.it','zago.st.leonardo@maxplanck.edu.it', '5f4dcc3b5aa765d61d8327deb882cf99');
insert into persona(id, nome, cognome, indirizzo, residenza, provincia, cap, email, login, password ) values ('272', 'RADOSLAW JAKUB','ZAK','Via Tommaso Salsa, 38','TREVISO','TV','31100','zak.st.radoslawjakub@maxplanck.edu.it','zak.st.radoslawjakub@maxplanck.edu.it', '5f4dcc3b5aa765d61d8327deb882cf99');
insert into persona(id, nome, cognome, indirizzo, residenza, provincia, cap, email, login, password ) values ('273', 'MATTEO','ZAMBON','VIA VICINALE MARCHE 7/A PERO','BREDA DI PIAVE','TV','31030','zambon.st.matteo2@maxplanck.edu.it','zambon.st.matteo2@maxplanck.edu.it', '5f4dcc3b5aa765d61d8327deb882cf99');
insert into persona(id, nome, cognome, indirizzo, residenza, provincia, cap, email, login, password ) values ('274', 'ENRICO','ZAMPOLLI','Via Papa Giovanni XXIII 39','CONEGLIANO','TV','31015','zampolli.st.enrico@maxplanck.edu.it','zampolli.st.enrico@maxplanck.edu.it', '5f4dcc3b5aa765d61d8327deb882cf99');
insert into persona(id, nome, cognome, indirizzo, residenza, provincia, cap, email, login, password ) values ('275', 'RICCARDO','ZAMUNER','via binati  28','ZERO BRANCO','TV','31059','zamuner.st.riccardo@maxplanck.edu.it','zamuner.st.riccardo@maxplanck.edu.it', '5f4dcc3b5aa765d61d8327deb882cf99');
insert into persona(id, nome, cognome, indirizzo, residenza, provincia, cap, email, login, password ) values ('276', 'ALEX','ZANATTA','via G. Toniolo 16','GIAVERA DEL MONTELLO','TV','31040','zanatta.st.alex@maxplanck.edu.it','zanatta.st.alex@maxplanck.edu.it', '5f4dcc3b5aa765d61d8327deb882cf99');
insert into persona(id, nome, cognome, indirizzo, residenza, provincia, cap, email, login, password ) values ('277', 'RICCARDO','ZANATTA','VIA IRTI ISAIA 16 C/2','SPRESIANO','TV','31027','zanatta.st.riccardo1@maxplanck.edu.it','zanatta.st.riccardo1@maxplanck.edu.it', '5f4dcc3b5aa765d61d8327deb882cf99');
insert into persona(id, nome, cognome, indirizzo, residenza, provincia, cap, email, login, password ) values ('278', 'TOMMASO','ZANATTA_','VIA PIAVE, 23','PAESE','TV','31038','zanatta.st.tommaso1@maxplanck.edu.it','zanatta.st.tommaso1@maxplanck.edu.it', '5f4dcc3b5aa765d61d8327deb882cf99');
insert into persona(id, nome, cognome, indirizzo, residenza, provincia, cap, email, login, password ) values ('279', 'TOMMASO','ZANATTA','VIA PIAVE, 16','PAESE','TV','31038','zanatta.st.tommaso2@maxplanck.edu.it','zanatta.st.tommaso2@maxplanck.edu.it', '5f4dcc3b5aa765d61d8327deb882cf99');
insert into persona(id, nome, cognome, indirizzo, residenza, provincia, cap, email, login, password ) values ('280', 'IACOPO','ZANDALI','VIA OLME 43/B','MOGLIANO VENETO','TV','31021','zandali.st.iacopo@maxplanck.edu.it','zandali.st.iacopo@maxplanck.edu.it', '5f4dcc3b5aa765d61d8327deb882cf99');
insert into persona(id, nome, cognome, indirizzo, residenza, provincia, cap, email, login, password ) values ('281', 'TOMMASO','ZANETTE','via grande di S.Giacomo n82','CARBONERA','TV','31030','zanette.st.tommaso@maxplanck.edu.it','zanette.st.tommaso@maxplanck.edu.it', '5f4dcc3b5aa765d61d8327deb882cf99');
insert into persona(id, nome, cognome, indirizzo, residenza, provincia, cap, email, login, password ) values ('282', 'ALEX','ZANETTIN','VIA ISONZO , N 34','CASALE SUL SILE','TV','31032','zanettin.st.alex@maxplanck.edu.it','zanettin.st.alex@maxplanck.edu.it', '5f4dcc3b5aa765d61d8327deb882cf99');
insert into persona(id, nome, cognome, indirizzo, residenza, provincia, cap, email, login, password ) values ('283', 'ALESSANDRO','ZANINI','VIA BOMBEN  7/A','MORGANO','TV','31050','zanini.st.alessandro@maxplanck.edu.it','zanini.st.alessandro@maxplanck.edu.it', '5f4dcc3b5aa765d61d8327deb882cf99');
insert into persona(id, nome, cognome, indirizzo, residenza, provincia, cap, email, login, password ) values ('284', 'TOMMASO','ZAVARISE','VIA S. ANTONINO 263/A','TREVISO','TV','31100','zavarise.st.tommaso@maxplanck.edu.it','zavarise.st.tommaso@maxplanck.edu.it', '5f4dcc3b5aa765d61d8327deb882cf99');
insert into persona(id, nome, cognome, indirizzo, residenza, provincia, cap, email, login, password ) values ('285', 'AYOUB','ZOUGGAGH','Strada per castagnole n.40','TREVISO','TV','31100','zouggagh.st.ayoub@maxplanck.edu.it','zouggagh.st.ayoub@maxplanck.edu.it', '5f4dcc3b5aa765d61d8327deb882cf99');
insert into persona(id, nome, cognome, indirizzo, residenza, provincia, cap, email, login, password ) values ('286', 'ALESSANDRO','ZUCCARELLO','VIA G. MARCONI 261/A','VILLORBA','TV','31020','zuccarello.st.alessandro@maxplanck.edu.it','zuccarello.st.alessandro@maxplanck.edu.it', '5f4dcc3b5aa765d61d8327deb882cf99');


INSERT INTO classe_studente (idclasse, idpersona) VALUES ('6','100');
INSERT INTO classe_studente (idclasse, idpersona) VALUES ('1','101');
INSERT INTO classe_studente (idclasse, idpersona) VALUES ('4','102');
INSERT INTO classe_studente (idclasse, idpersona) VALUES ('2','103');
INSERT INTO classe_studente (idclasse, idpersona) VALUES ('3','104');
INSERT INTO classe_studente (idclasse, idpersona) VALUES ('2','105');
INSERT INTO classe_studente (idclasse, idpersona) VALUES ('6','106');
INSERT INTO classe_studente (idclasse, idpersona) VALUES ('4','107');
INSERT INTO classe_studente (idclasse, idpersona) VALUES ('9','108');
INSERT INTO classe_studente (idclasse, idpersona) VALUES ('7','109');
INSERT INTO classe_studente (idclasse, idpersona) VALUES ('3','110');
INSERT INTO classe_studente (idclasse, idpersona) VALUES ('6','111');
INSERT INTO classe_studente (idclasse, idpersona) VALUES ('9','112');
INSERT INTO classe_studente (idclasse, idpersona) VALUES ('5','113');
INSERT INTO classe_studente (idclasse, idpersona) VALUES ('7','114');
INSERT INTO classe_studente (idclasse, idpersona) VALUES ('4','115');
INSERT INTO classe_studente (idclasse, idpersona) VALUES ('6','116');
INSERT INTO classe_studente (idclasse, idpersona) VALUES ('6','117');
INSERT INTO classe_studente (idclasse, idpersona) VALUES ('6','118');
INSERT INTO classe_studente (idclasse, idpersona) VALUES ('2','119');
INSERT INTO classe_studente (idclasse, idpersona) VALUES ('3','120');
INSERT INTO classe_studente (idclasse, idpersona) VALUES ('8','121');
INSERT INTO classe_studente (idclasse, idpersona) VALUES ('4','122');
INSERT INTO classe_studente (idclasse, idpersona) VALUES ('6','123');
INSERT INTO classe_studente (idclasse, idpersona) VALUES ('6','124');
INSERT INTO classe_studente (idclasse, idpersona) VALUES ('6','125');
INSERT INTO classe_studente (idclasse, idpersona) VALUES ('1','126');
INSERT INTO classe_studente (idclasse, idpersona) VALUES ('7','127');
INSERT INTO classe_studente (idclasse, idpersona) VALUES ('9','128');
INSERT INTO classe_studente (idclasse, idpersona) VALUES ('3','129');
INSERT INTO classe_studente (idclasse, idpersona) VALUES ('9','130');
INSERT INTO classe_studente (idclasse, idpersona) VALUES ('5','131');
INSERT INTO classe_studente (idclasse, idpersona) VALUES ('1','132');
INSERT INTO classe_studente (idclasse, idpersona) VALUES ('1','133');
INSERT INTO classe_studente (idclasse, idpersona) VALUES ('1','134');
INSERT INTO classe_studente (idclasse, idpersona) VALUES ('4','135');
INSERT INTO classe_studente (idclasse, idpersona) VALUES ('4','136');
INSERT INTO classe_studente (idclasse, idpersona) VALUES ('2','137');
INSERT INTO classe_studente (idclasse, idpersona) VALUES ('1','138');
INSERT INTO classe_studente (idclasse, idpersona) VALUES ('8','139');
INSERT INTO classe_studente (idclasse, idpersona) VALUES ('4','140');
INSERT INTO classe_studente (idclasse, idpersona) VALUES ('6','141');
INSERT INTO classe_studente (idclasse, idpersona) VALUES ('6','142');
INSERT INTO classe_studente (idclasse, idpersona) VALUES ('7','143');
INSERT INTO classe_studente (idclasse, idpersona) VALUES ('6','144');
INSERT INTO classe_studente (idclasse, idpersona) VALUES ('3','145');
INSERT INTO classe_studente (idclasse, idpersona) VALUES ('3','146');
INSERT INTO classe_studente (idclasse, idpersona) VALUES ('6','147');
INSERT INTO classe_studente (idclasse, idpersona) VALUES ('8','148');
INSERT INTO classe_studente (idclasse, idpersona) VALUES ('1','149');
INSERT INTO classe_studente (idclasse, idpersona) VALUES ('3','150');
INSERT INTO classe_studente (idclasse, idpersona) VALUES ('2','151');
INSERT INTO classe_studente (idclasse, idpersona) VALUES ('3','152');
INSERT INTO classe_studente (idclasse, idpersona) VALUES ('3','153');
INSERT INTO classe_studente (idclasse, idpersona) VALUES ('7','154');
INSERT INTO classe_studente (idclasse, idpersona) VALUES ('2','155');
INSERT INTO classe_studente (idclasse, idpersona) VALUES ('5','156');
INSERT INTO classe_studente (idclasse, idpersona) VALUES ('3','157');
INSERT INTO classe_studente (idclasse, idpersona) VALUES ('1','158');
INSERT INTO classe_studente (idclasse, idpersona) VALUES ('2','159');
INSERT INTO classe_studente (idclasse, idpersona) VALUES ('8','160');
INSERT INTO classe_studente (idclasse, idpersona) VALUES ('6','161');
INSERT INTO classe_studente (idclasse, idpersona) VALUES ('8','162');
INSERT INTO classe_studente (idclasse, idpersona) VALUES ('5','163');
INSERT INTO classe_studente (idclasse, idpersona) VALUES ('7','164');
INSERT INTO classe_studente (idclasse, idpersona) VALUES ('3','165');
INSERT INTO classe_studente (idclasse, idpersona) VALUES ('3','166');
INSERT INTO classe_studente (idclasse, idpersona) VALUES ('6','167');
INSERT INTO classe_studente (idclasse, idpersona) VALUES ('5','168');
INSERT INTO classe_studente (idclasse, idpersona) VALUES ('6','169');
INSERT INTO classe_studente (idclasse, idpersona) VALUES ('5','170');
INSERT INTO classe_studente (idclasse, idpersona) VALUES ('9','171');
INSERT INTO classe_studente (idclasse, idpersona) VALUES ('7','172');
INSERT INTO classe_studente (idclasse, idpersona) VALUES ('5','173');
INSERT INTO classe_studente (idclasse, idpersona) VALUES ('5','174');
INSERT INTO classe_studente (idclasse, idpersona) VALUES ('1','175');
INSERT INTO classe_studente (idclasse, idpersona) VALUES ('9','176');
INSERT INTO classe_studente (idclasse, idpersona) VALUES ('3','177');
INSERT INTO classe_studente (idclasse, idpersona) VALUES ('7','178');
INSERT INTO classe_studente (idclasse, idpersona) VALUES ('8','179');
INSERT INTO classe_studente (idclasse, idpersona) VALUES ('4','180');
INSERT INTO classe_studente (idclasse, idpersona) VALUES ('6','181');
INSERT INTO classe_studente (idclasse, idpersona) VALUES ('7','182');
INSERT INTO classe_studente (idclasse, idpersona) VALUES ('7','183');
INSERT INTO classe_studente (idclasse, idpersona) VALUES ('7','184');
INSERT INTO classe_studente (idclasse, idpersona) VALUES ('9','185');
INSERT INTO classe_studente (idclasse, idpersona) VALUES ('3','186');
INSERT INTO classe_studente (idclasse, idpersona) VALUES ('5','187');
INSERT INTO classe_studente (idclasse, idpersona) VALUES ('2','188');
INSERT INTO classe_studente (idclasse, idpersona) VALUES ('8','189');
INSERT INTO classe_studente (idclasse, idpersona) VALUES ('1','190');
INSERT INTO classe_studente (idclasse, idpersona) VALUES ('6','191');
INSERT INTO classe_studente (idclasse, idpersona) VALUES ('7','192');
INSERT INTO classe_studente (idclasse, idpersona) VALUES ('4','193');
INSERT INTO classe_studente (idclasse, idpersona) VALUES ('8','194');
INSERT INTO classe_studente (idclasse, idpersona) VALUES ('2','195');
INSERT INTO classe_studente (idclasse, idpersona) VALUES ('2','196');
INSERT INTO classe_studente (idclasse, idpersona) VALUES ('8','197');
INSERT INTO classe_studente (idclasse, idpersona) VALUES ('7','198');
INSERT INTO classe_studente (idclasse, idpersona) VALUES ('3','199');
INSERT INTO classe_studente (idclasse, idpersona) VALUES ('9','200');
INSERT INTO classe_studente (idclasse, idpersona) VALUES ('2','201');
INSERT INTO classe_studente (idclasse, idpersona) VALUES ('9','202');
INSERT INTO classe_studente (idclasse, idpersona) VALUES ('2','203');
INSERT INTO classe_studente (idclasse, idpersona) VALUES ('8','204');
INSERT INTO classe_studente (idclasse, idpersona) VALUES ('8','205');
INSERT INTO classe_studente (idclasse, idpersona) VALUES ('8','206');
INSERT INTO classe_studente (idclasse, idpersona) VALUES ('9','207');
INSERT INTO classe_studente (idclasse, idpersona) VALUES ('9','208');
INSERT INTO classe_studente (idclasse, idpersona) VALUES ('6','209');
INSERT INTO classe_studente (idclasse, idpersona) VALUES ('2','210');
INSERT INTO classe_studente (idclasse, idpersona) VALUES ('8','211');
INSERT INTO classe_studente (idclasse, idpersona) VALUES ('4','212');
INSERT INTO classe_studente (idclasse, idpersona) VALUES ('1','213');
INSERT INTO classe_studente (idclasse, idpersona) VALUES ('9','214');
INSERT INTO classe_studente (idclasse, idpersona) VALUES ('6','215');
INSERT INTO classe_studente (idclasse, idpersona) VALUES ('5','216');
INSERT INTO classe_studente (idclasse, idpersona) VALUES ('7','217');
INSERT INTO classe_studente (idclasse, idpersona) VALUES ('7','218');
INSERT INTO classe_studente (idclasse, idpersona) VALUES ('1','219');
INSERT INTO classe_studente (idclasse, idpersona) VALUES ('9','220');
INSERT INTO classe_studente (idclasse, idpersona) VALUES ('7','221');
INSERT INTO classe_studente (idclasse, idpersona) VALUES ('3','222');
INSERT INTO classe_studente (idclasse, idpersona) VALUES ('4','223');
INSERT INTO classe_studente (idclasse, idpersona) VALUES ('3','224');
INSERT INTO classe_studente (idclasse, idpersona) VALUES ('7','225');
INSERT INTO classe_studente (idclasse, idpersona) VALUES ('8','226');
INSERT INTO classe_studente (idclasse, idpersona) VALUES ('3','227');
INSERT INTO classe_studente (idclasse, idpersona) VALUES ('1','228');
INSERT INTO classe_studente (idclasse, idpersona) VALUES ('8','229');
INSERT INTO classe_studente (idclasse, idpersona) VALUES ('5','230');
INSERT INTO classe_studente (idclasse, idpersona) VALUES ('4','231');
INSERT INTO classe_studente (idclasse, idpersona) VALUES ('3','232');
INSERT INTO classe_studente (idclasse, idpersona) VALUES ('7','233');
INSERT INTO classe_studente (idclasse, idpersona) VALUES ('8','234');
INSERT INTO classe_studente (idclasse, idpersona) VALUES ('5','235');
INSERT INTO classe_studente (idclasse, idpersona) VALUES ('9','236');
INSERT INTO classe_studente (idclasse, idpersona) VALUES ('3','237');
INSERT INTO classe_studente (idclasse, idpersona) VALUES ('9','238');
INSERT INTO classe_studente (idclasse, idpersona) VALUES ('2','239');
INSERT INTO classe_studente (idclasse, idpersona) VALUES ('4','240');
INSERT INTO classe_studente (idclasse, idpersona) VALUES ('8','241');
INSERT INTO classe_studente (idclasse, idpersona) VALUES ('9','242');
INSERT INTO classe_studente (idclasse, idpersona) VALUES ('9','243');
INSERT INTO classe_studente (idclasse, idpersona) VALUES ('5','244');
INSERT INTO classe_studente (idclasse, idpersona) VALUES ('2','245');
INSERT INTO classe_studente (idclasse, idpersona) VALUES ('6','246');
INSERT INTO classe_studente (idclasse, idpersona) VALUES ('8','247');
INSERT INTO classe_studente (idclasse, idpersona) VALUES ('4','248');
INSERT INTO classe_studente (idclasse, idpersona) VALUES ('8','249');
INSERT INTO classe_studente (idclasse, idpersona) VALUES ('2','250');
INSERT INTO classe_studente (idclasse, idpersona) VALUES ('9','251');
INSERT INTO classe_studente (idclasse, idpersona) VALUES ('8','252');
INSERT INTO classe_studente (idclasse, idpersona) VALUES ('2','253');
INSERT INTO classe_studente (idclasse, idpersona) VALUES ('5','254');
INSERT INTO classe_studente (idclasse, idpersona) VALUES ('5','255');
INSERT INTO classe_studente (idclasse, idpersona) VALUES ('9','256');
INSERT INTO classe_studente (idclasse, idpersona) VALUES ('9','257');
INSERT INTO classe_studente (idclasse, idpersona) VALUES ('5','258');
INSERT INTO classe_studente (idclasse, idpersona) VALUES ('3','259');
INSERT INTO classe_studente (idclasse, idpersona) VALUES ('3','260');
INSERT INTO classe_studente (idclasse, idpersona) VALUES ('7','261');
INSERT INTO classe_studente (idclasse, idpersona) VALUES ('7','262');
INSERT INTO classe_studente (idclasse, idpersona) VALUES ('7','263');
INSERT INTO classe_studente (idclasse, idpersona) VALUES ('6','264');
INSERT INTO classe_studente (idclasse, idpersona) VALUES ('5','265');
INSERT INTO classe_studente (idclasse, idpersona) VALUES ('1','266');
INSERT INTO classe_studente (idclasse, idpersona) VALUES ('2','267');
INSERT INTO classe_studente (idclasse, idpersona) VALUES ('8','268');
INSERT INTO classe_studente (idclasse, idpersona) VALUES ('6','269');
INSERT INTO classe_studente (idclasse, idpersona) VALUES ('9','270');
INSERT INTO classe_studente (idclasse, idpersona) VALUES ('2','271');
INSERT INTO classe_studente (idclasse, idpersona) VALUES ('2','272');
INSERT INTO classe_studente (idclasse, idpersona) VALUES ('8','273');
INSERT INTO classe_studente (idclasse, idpersona) VALUES ('7','274');
INSERT INTO classe_studente (idclasse, idpersona) VALUES ('5','275');
INSERT INTO classe_studente (idclasse, idpersona) VALUES ('5','276');
INSERT INTO classe_studente (idclasse, idpersona) VALUES ('3','277');
INSERT INTO classe_studente (idclasse, idpersona) VALUES ('2','278');
INSERT INTO classe_studente (idclasse, idpersona) VALUES ('1','279');
INSERT INTO classe_studente (idclasse, idpersona) VALUES ('8','280');
INSERT INTO classe_studente (idclasse, idpersona) VALUES ('5','281');
INSERT INTO classe_studente (idclasse, idpersona) VALUES ('1','282');
INSERT INTO classe_studente (idclasse, idpersona) VALUES ('2','283');
INSERT INTO classe_studente (idclasse, idpersona) VALUES ('4','284');
INSERT INTO classe_studente (idclasse, idpersona) VALUES ('5','285');
INSERT INTO classe_studente (idclasse, idpersona) VALUES ('2','286');



